{
	"credit": "TobikSVK",
	"textures": {
		"texture": "block/acacia_trapdoor",
		"particle": "block/acacia_trapdoor"
	},
	"elements": [
		{
			"from": [0, 0, 13],
			"to": [16, 16, 16],
			"faces": {
				"north": {"uv": [0, 0, 16, 16], "texture": "#texture"},
				"east": {"uv": [0, 12, 16, 14], "rotation": 90, "texture": "#texture", "cullface": "east"},
				"south": {"uv": [0, 0, 16, 16], "texture": "#texture", "cullface": "south"},
				"west": {"uv": [16, 12, 0, 14], "rotation": 90, "texture": "#texture", "cullface": "west"},
				"up": {"uv": [0, 14, 16, 12], "texture": "#texture", "cullface": "up"},
				"down": {"uv": [0, 14, 16, 12], "texture": "#texture", "cullface": "down"}
			}
		}
	]
}