{
	"credit": "TobikSVK",
	"parent": "block/thin_block",
	"textures": {
		"texture": "block/oak_trapdoor",
		"particle": "block/oak_trapdoor"
	},
	"elements": [
		{
			"from": [0, 0, 0],
			"to": [16, 3, 2],
			"faces": {
				"north": {"uv": [0, 0, 16, 2], "texture": "#texture"},
				"east": {"uv": [0, 0, 2, 2], "texture": "#texture"},
				"south": {"uv": [0, 0, 16, 2], "texture": "#texture"},
				"west": {"uv": [0, 0, 2, 2], "texture": "#texture"},
				"up": {"uv": [0, 0, 16, 2], "texture": "#texture"},
				"down": {"uv": [0, 0, 16, 2], "texture": "#texture"}
			}
		},
		{
			"from": [0, 0, 14],
			"to": [16, 3, 16],
			"faces": {
				"north": {"uv": [0, 0, 16, 2], "texture": "#texture"},
				"east": {"uv": [0, 0, 2, 2], "texture": "#texture"},
				"south": {"uv": [0, 0, 16, 2], "texture": "#texture"},
				"west": {"uv": [0, 0, 2, 2], "texture": "#texture"},
				"up": {"uv": [0, 0, 16, 2], "texture": "#texture"},
				"down": {"uv": [0, 0, 16, 2], "texture": "#texture"}
			}
		},
		{
			"from": [0, 0, 2],
			"to": [2, 3, 14],
			"faces": {
				"north": {"uv": [0, 0, 2, 3], "texture": "#texture"},
				"east": {"uv": [0, 0, 12, 2], "texture": "#texture"},
				"south": {"uv": [0, 0, 2, 3], "texture": "#texture"},
				"west": {"uv": [0, 0, 12, 2], "texture": "#texture"},
				"up": {"uv": [0, 2, 2, 14], "texture": "#texture"},
				"down": {"uv": [0, 0, 2, 12], "texture": "#texture"}
			}
		},
		{
			"from": [14, 0, 2],
			"to": [16, 3, 14],
			"faces": {
				"north": {"uv": [0, 0, 2, 3], "texture": "#texture"},
				"east": {"uv": [0, 0, 12, 2], "texture": "#texture"},
				"south": {"uv": [0, 0, 2, 3], "texture": "#texture"},
				"west": {"uv": [0, 0, 12, 2], "texture": "#texture"},
				"up": {"uv": [14, 2, 16, 14], "texture": "#texture"},
				"down": {"uv": [14, 2, 16, 14], "texture": "#texture"}
			}
		},
		{
			"from": [6, 0, 2],
			"to": [10, 3, 14],
			"faces": {
				"north": {"uv": [0, 0, 2, 3], "texture": "#texture"},
				"east": {"uv": [2, 6, 14, 10], "texture": "#texture"},
				"south": {"uv": [0, 0, 2, 3], "texture": "#texture"},
				"west": {"uv": [2, 6, 14, 10], "texture": "#texture"},
				"up": {"uv": [6, 2, 10, 14], "texture": "#texture"},
				"down": {"uv": [6, 2, 10, 14], "texture": "#texture"}
			}
		},
		{
			"from": [10, 0, 6],
			"to": [14, 3, 10],
			"faces": {
				"north": {"uv": [2, 6, 6, 10], "texture": "#texture"},
				"east": {"uv": [2, 6, 14, 10], "texture": "#texture"},
				"south": {"uv": [2, 6, 6, 10], "texture": "#texture"},
				"west": {"uv": [2, 6, 14, 10], "texture": "#texture"},
				"up": {"uv": [2, 6, 6, 10], "texture": "#texture"},
				"down": {"uv": [2, 6, 6, 10], "texture": "#texture"}
			}
		},
		{
			"from": [2, 0, 6],
			"to": [6, 3, 10],
			"faces": {
				"north": {"uv": [10, 6, 14, 10], "texture": "#texture"},
				"east": {"uv": [2, 6, 14, 10], "texture": "#texture"},
				"south": {"uv": [10, 6, 14, 10], "texture": "#texture"},
				"west": {"uv": [2, 6, 14, 10], "texture": "#texture"},
				"up": {"uv": [10, 6, 14, 10], "texture": "#texture"},
				"down": {"uv": [10, 6, 14, 10], "texture": "#texture"}
			}
		}
	]
}