{
	"credit": "TobikSVK",
	"parent": "block/thin_block",
	"textures": {
		"texture": "block/oak_trapdoor",
		"particle": "block/oak_trapdoor"
	},
	"elements": [
		{
			"from": [2, 6, 13],
			"to": [6, 10, 16],
			"faces": {
				"north": {"uv": [10, 6, 14, 10], "rotation": 180, "texture": "#texture"},
				"east": {"uv": [2, 6, 14, 10], "rotation": 270, "texture": "#texture"},
				"south": {"uv": [10, 6, 14, 10], "texture": "#texture"},
				"west": {"uv": [2, 6, 14, 10], "rotation": 90, "texture": "#texture"},
				"up": {"uv": [10, 6, 14, 10], "rotation": 180, "texture": "#texture"},
				"down": {"uv": [10, 6, 14, 10], "texture": "#texture"}
			}
		},
		{
			"from": [0, 14, 13],
			"to": [16, 16, 16],
			"faces": {
				"north": {"uv": [0, 0, 16, 2], "rotation": 180, "texture": "#texture"},
				"east": {"uv": [0, 0, 2, 2], "rotation": 270, "texture": "#texture"},
				"south": {"uv": [0, 0, 16, 2], "texture": "#texture"},
				"west": {"uv": [0, 0, 2, 2], "rotation": 90, "texture": "#texture"},
				"up": {"uv": [0, 0, 16, 2], "rotation": 180, "texture": "#texture"},
				"down": {"uv": [0, 0, 16, 2], "texture": "#texture"}
			}
		},
		{
			"from": [0, 0, 13],
			"to": [16, 2, 16],
			"faces": {
				"north": {"uv": [0, 0, 16, 2], "rotation": 180, "texture": "#texture"},
				"east": {"uv": [0, 0, 2, 2], "rotation": 270, "texture": "#texture"},
				"south": {"uv": [0, 0, 16, 2], "texture": "#texture"},
				"west": {"uv": [0, 0, 2, 2], "rotation": 90, "texture": "#texture"},
				"up": {"uv": [0, 0, 16, 2], "rotation": 180, "texture": "#texture"},
				"down": {"uv": [0, 0, 16, 2], "texture": "#texture"}
			}
		},
		{
			"from": [0, 2, 13],
			"to": [2, 14, 16],
			"faces": {
				"north": {"uv": [0, 0, 2, 12], "rotation": 180, "texture": "#texture"},
				"east": {"uv": [0, 0, 12, 2], "rotation": 270, "texture": "#texture"},
				"south": {"uv": [0, 2, 2, 14], "texture": "#texture"},
				"west": {"uv": [0, 0, 12, 2], "rotation": 90, "texture": "#texture"},
				"up": {"uv": [0, 0, 2, 3], "rotation": 180, "texture": "#texture"},
				"down": {"uv": [0, 0, 2, 3], "texture": "#texture"}
			}
		},
		{
			"from": [14, 2, 13],
			"to": [16, 14, 16],
			"faces": {
				"north": {"uv": [14, 2, 16, 14], "rotation": 180, "texture": "#texture"},
				"east": {"uv": [0, 0, 12, 2], "rotation": 270, "texture": "#texture"},
				"south": {"uv": [14, 2, 16, 14], "texture": "#texture"},
				"west": {"uv": [0, 0, 12, 2], "rotation": 90, "texture": "#texture"},
				"up": {"uv": [0, 0, 2, 3], "rotation": 180, "texture": "#texture"},
				"down": {"uv": [0, 0, 2, 3], "texture": "#texture"}
			}
		},
		{
			"from": [6, 2, 13],
			"to": [10, 14, 16],
			"faces": {
				"north": {"uv": [6, 2, 10, 14], "rotation": 180, "texture": "#texture"},
				"east": {"uv": [2, 6, 14, 10], "rotation": 270, "texture": "#texture"},
				"south": {"uv": [6, 2, 10, 14], "texture": "#texture"},
				"west": {"uv": [2, 6, 14, 10], "rotation": 90, "texture": "#texture"},
				"up": {"uv": [0, 0, 2, 3], "rotation": 180, "texture": "#texture"},
				"down": {"uv": [0, 0, 2, 3], "texture": "#texture"}
			}
		},
		{
			"from": [10, 6, 13],
			"to": [14, 10, 16],
			"faces": {
				"north": {"uv": [2, 6, 6, 10], "rotation": 180, "texture": "#texture"},
				"east": {"uv": [2, 6, 14, 10], "rotation": 270, "texture": "#texture"},
				"south": {"uv": [2, 6, 6, 10], "texture": "#texture"},
				"west": {"uv": [2, 6, 14, 10], "rotation": 90, "texture": "#texture"},
				"up": {"uv": [2, 6, 6, 10], "rotation": 180, "texture": "#texture"},
				"down": {"uv": [2, 6, 6, 10], "texture": "#texture"}
			}
		}
	],
	"groups": [
		{
			"name": "group",
			"children": [0, 1, 2, 3, 4, 5, 6]
		}
	]
}