{
	"credit": "TobikSVK",
	"parent": "block/thin_block",
	"textures": {
		"texture": "block/spruce_trapdoor",
		"particle": "block/spruce_trapdoor"
	},
	"elements": [
		{
			"from": [0, 0, 0],
			"to": [16, 3, 16],
			"faces": {
				"north": {"uv": [0, 12, 16, 8], "texture": "#texture", "cullface": "north"},
				"east": {"uv": [4, 16, 8, 0], "rotation": 90, "texture": "#texture", "cullface": "east"},
				"south": {"uv": [0, 12, 16, 8], "texture": "#texture", "cullface": "south"},
				"west": {"uv": [2, 16, 6, 0], "rotation": 90, "texture": "#texture", "cullface": "west"},
				"up": {"uv": [0, 0, 16, 16], "texture": "#texture"},
				"down": {"uv": [0, 0, 16, 16], "texture": "#texture", "cullface": "down"}
			}
		}
	]
}